reading_id,shipment_id,sensor_device_id,captured_at_utc,temperature_c,humidity_pct,battery_pct,latitude,longitude
RD0000100,SHP00001,SNS0001,2026-08-20 13:00:00,4.34,45.6,97.2,19.076,72.877
RD0000101,SHP00001,SNS0001,2026-08-20 15:00:00,5.33,56.3,93.6,18.9351,73.3445
RD0000102,SHP00001,SNS0001,2026-08-20 17:00:00,4.42,42.5,91.9,18.7942,73.812
RD0000103,SHP00001,SNS0001,2026-08-20 19:00:00,4.61,42.4,89.3,18.6532,74.2795
RD0000104,SHP00001,SNS0001,2026-08-20 21:00:00,4.58,50.7,86.5,18.5123,74.747
RD0000105,SHP00001,SNS0001,2026-08-20 23:00:00,4.61,55.0,84.2,18.3714,75.2145
RD0000106,SHP00001,SNS0001,2026-08-21 01:00:00,4.31,53.2,81.2,18.2305,75.682
RD0000107,SHP00001,SNS0001,2026-08-21 03:00:00,4.78,57.3,80.7,18.0896,76.1495
RD0000108,SHP00001,SNS0001,2026-08-21 05:00:00,4.77,43.5,78.5,17.9487,76.617
RD0000109,SHP00001,SNS0001,2026-08-21 07:00:00,5.49,54.9,74.6,17.8078,77.0845
RD0000110,SHP00001,SNS0001,2026-08-21 09:00:00,5.32,57.6,72.4,17.6668,77.552
RD0000111,SHP00001,SNS0001,2026-08-21 11:00:00,4.83,55.3,69.9,17.5259,78.0195
RD0000200,SHP00002,SNS0002,2026-08-20 20:00:00,5.54,45.1,96.9,18.52,73.857
RD0000201,SHP00002,SNS0002,2026-08-20 22:00:00,4.4,54.4,93.6,18.0669,74.3915
RD0000202,SHP00002,SNS0002,2026-08-21 00:00:00,5.68,55.9,90.6,17.6138,74.926
RD0000203,SHP00002,SNS0002,2026-08-21 02:00:00,4.83,55.3,89.4,17.1608,75.4605
RD0000204,SHP00002,SNS0002,2026-08-21 04:00:00,4.53,52.7,87.3,16.7077,75.995
RD0000205,SHP00002,SNS0002,2026-08-21 06:00:00,5.28,43.1,83.9,16.2546,76.5295
RD0000206,SHP00002,SNS0002,2026-08-21 08:00:00,5.19,45.9,82.0,15.8015,77.064
RD0000207,SHP00002,SNS0002,2026-08-21 10:00:00,4.95,56.8,80.4,15.3484,77.5985
RD0000208,SHP00002,SNS0002,2026-08-21 12:00:00,5.26,47.2,78.1,14.8953,78.133
RD0000209,SHP00002,SNS0002,2026-08-21 14:00:00,5.38,55.1,76.2,14.4423,78.6675
RD0000210,SHP00002,SNS0002,2026-08-21 16:00:00,5.43,43.1,72.8,13.9892,79.202
RD0000211,SHP00002,SNS0002,2026-08-21 18:00:00,5.58,53.5,69.9,13.5361,79.7365
RD0000300,SHP00003,SNS0003,2026-08-21 03:00:00,-23.78,56.6,96.8,12.972,77.595
RD0000301,SHP00003,SNS0003,2026-08-21 05:00:00,-24.06,45.9,94.8,14.2755,77.5628
RD0000302,SHP00003,SNS0003,2026-08-21 07:00:00,-23.91,51.4,92.4,15.579,77.5307
RD0000303,SHP00003,SNS0003,2026-08-21 09:00:00,-23.44,45.5,89.6,16.8825,77.4985
RD0000304,SHP00003,SNS0003,2026-08-21 11:00:00,-23.3,43.5,86.9,18.186,77.4663
RD0000305,SHP00003,SNS0003,2026-08-21 13:00:00,-24.63,52.0,85.7,19.4895,77.4342
RD0000306,SHP00003,SNS0003,2026-08-21 15:00:00,-23.59,43.0,82.3,20.793,77.402
RD0000307,SHP00003,SNS0003,2026-08-21 17:00:00,-24.17,50.5,78.2,22.0965,77.3698
RD0000308,SHP00003,SNS0003,2026-08-21 19:00:00,-23.34,42.2,76.2,23.4,77.3377
RD0000309,SHP00003,SNS0003,2026-08-21 21:00:00,-23.69,50.6,74.4,24.7035,77.3055
RD0000310,SHP00003,SNS0003,2026-08-21 23:00:00,-24.33,43.8,72.1,26.007,77.2733
RD0000311,SHP00003,SNS0003,2026-08-22 01:00:00,-24.09,57.3,70.2,27.3105,77.2412
RD0000400,SHP00004,SNS0004,2026-08-21 10:00:00,4.66,50.1,95.7,17.385,78.487
RD0000401,SHP00004,SNS0004,2026-08-21 12:00:00,3.45,55.5,93.7,17.5259,78.0195
RD0000402,SHP00004,SNS0004,2026-08-21 14:00:00,4.01,48.0,92.6,17.6668,77.552
RD0000403,SHP00004,SNS0004,2026-08-21 16:00:00,3.53,56.8,87.9,17.8078,77.0845
RD0000404,SHP00004,SNS0004,2026-08-21 18:00:00,4.59,49.8,86.6,17.9487,76.617
RD0000405,SHP00004,SNS0004,2026-08-21 20:00:00,3.46,57.8,84.9,18.0896,76.1495
RD0000406,SHP00004,SNS0004,2026-08-21 22:00:00,4.43,45.9,82.9,18.2305,75.682
RD0000407,SHP00004,SNS0004,2026-08-22 00:00:00,4.09,53.7,81.0,18.3714,75.2145
RD0000408,SHP00004,SNS0004,2026-08-22 02:00:00,4.44,50.5,75.9,18.5123,74.747
RD0000409,SHP00004,SNS0004,2026-08-22 04:00:00,3.48,57.1,74.4,18.6532,74.2795
RD0000410,SHP00004,SNS0004,2026-08-22 06:00:00,3.53,51.7,72.4,18.7942,73.812
RD0000411,SHP00004,SNS0004,2026-08-22 08:00:00,4.65,54.1,68.8,18.9351,73.3445
RD0000500,SHP00005,SNS0005,2026-08-21 17:00:00,2.3,52.7,96.8,13.083,80.271
RD0000501,SHP00005,SNS0005,2026-08-21 19:00:00,1.82,49.2,92.9,13.5361,79.7365
RD0000502,SHP00005,SNS0005,2026-08-21 21:00:00,1.65,42.3,93.0,13.9892,79.202
RD0000503,SHP00005,SNS0005,2026-08-21 23:00:00,2.08,42.1,89.0,14.4422,78.6675
RD0000504,SHP00005,SNS0005,2026-08-22 01:00:00,2.29,43.1,88.2,14.8953,78.133
RD0000505,SHP00005,SNS0005,2026-08-22 03:00:00,8.0,46.5,84.5,15.3484,77.5985
RD0000506,SHP00005,SNS0005,2026-08-22 05:00:00,8.31,56.1,81.4,15.8015,77.064
RD0000507,SHP00005,SNS0005,2026-08-22 07:00:00,7.86,48.5,79.8,16.2546,76.5295
RD0000508,SHP00005,SNS0005,2026-08-22 09:00:00,1.43,47.7,76.8,16.7077,75.995
RD0000509,SHP00005,SNS0005,2026-08-22 11:00:00,1.88,42.9,73.8,17.1608,75.4605
RD0000510,SHP00005,SNS0005,2026-08-22 13:00:00,2.21,43.0,72.1,17.6138,74.926
RD0000511,SHP00005,SNS0005,2026-08-22 15:00:00,2.32,43.7,69.2,18.0669,74.3915
RD0000600,SHP00006,SNS0006,2026-08-22 00:00:00,16.07,48.8,96.7,28.614,77.209
RD0000601,SHP00006,SNS0006,2026-08-22 02:00:00,16.19,56.8,94.9,27.3105,77.2412
RD0000602,SHP00006,SNS0006,2026-08-22 04:00:00,16.42,50.8,90.6,26.007,77.2733
RD0000603,SHP00006,SNS0006,2026-08-22 06:00:00,15.87,55.4,87.8,24.7035,77.3055
RD0000604,SHP00006,SNS0006,2026-08-22 08:00:00,17.16,55.6,85.6,23.4,77.3377
RD0000605,SHP00006,SNS0006,2026-08-22 10:00:00,16.03,45.4,84.5,22.0965,77.3698
RD0000606,SHP00006,SNS0006,2026-08-22 12:00:00,16.36,48.1,83.4,20.793,77.402
RD0000607,SHP00006,SNS0006,2026-08-22 14:00:00,17.18,54.5,80.4,19.4895,77.4342
RD0000608,SHP00006,SNS0006,2026-08-22 16:00:00,16.44,57.3,77.5,18.186,77.4663
RD0000609,SHP00006,SNS0006,2026-08-22 18:00:00,17.19,53.5,74.7,16.8825,77.4985
RD0000610,SHP00006,SNS0006,2026-08-22 20:00:00,16.02,57.5,73.1,15.579,77.5307
RD0000611,SHP00006,SNS0006,2026-08-22 22:00:00,16.61,54.0,70.0,14.2755,77.5628
RD0000700,SHP00007,SNS0007,2026-08-22 07:00:00,-15.62,50.0,96.2,19.076,72.877
RD0000701,SHP00007,SNS0007,2026-08-22 09:00:00,-14.51,57.4,95.1,18.9351,73.3445
RD0000702,SHP00007,SNS0007,2026-08-22 11:00:00,-15.59,51.5,92.6,18.7942,73.812
RD0000703,SHP00007,SNS0007,2026-08-22 13:00:00,-14.75,43.9,90.1,18.6532,74.2795
RD0000704,SHP00007,SNS0007,2026-08-22 15:00:00,-14.45,51.5,87.7,18.5123,74.747
RD0000705,SHP00007,SNS0007,2026-08-22 17:00:00,-14.83,51.3,84.7,18.3714,75.2145
RD0000706,SHP00007,SNS0007,2026-08-22 19:00:00,-14.97,45.3,80.8,18.2305,75.682
RD0000707,SHP00007,SNS0007,2026-08-22 21:00:00,-14.7,48.3,80.5,18.0896,76.1495
RD0000708,SHP00007,SNS0007,2026-08-22 23:00:00,-14.76,47.1,77.9,17.9487,76.617
RD0000709,SHP00007,SNS0007,2026-08-23 01:00:00,-14.65,49.3,76.2,17.8078,77.0845
RD0000710,SHP00007,SNS0007,2026-08-23 03:00:00,-14.3,43.2,71.0,17.6668,77.552
RD0000711,SHP00007,SNS0007,2026-08-23 05:00:00,-15.4,56.9,70.8,17.5259,78.0195
RD0000800,SHP00008,SNS0008,2026-08-22 14:00:00,5.53,44.5,96.9,18.52,73.857
RD0000801,SHP00008,SNS0008,2026-08-22 16:00:00,5.47,51.8,93.5,18.0669,74.3915
RD0000802,SHP00008,SNS0008,2026-08-22 18:00:00,5.68,42.1,91.2,17.6138,74.926
RD0000803,SHP00008,SNS0008,2026-08-22 20:00:00,5.44,52.6,89.9,17.1608,75.4605
RD0000804,SHP00008,SNS0008,2026-08-22 22:00:00,5.61,43.8,88.0,16.7077,75.995
RD0000805,SHP00008,SNS0008,2026-08-23 00:00:00,4.45,46.4,84.3,16.2546,76.5295
RD0000806,SHP00008,SNS0008,2026-08-23 02:00:00,5.15,45.3,81.4,15.8015,77.064
RD0000807,SHP00008,SNS0008,2026-08-23 04:00:00,5.19,49.8,80.4,15.3484,77.5985
RD0000808,SHP00008,SNS0008,2026-08-23 06:00:00,5.57,43.5,76.3,14.8953,78.133
RD0000809,SHP00008,SNS0008,2026-08-23 08:00:00,4.89,42.1,75.6,14.4423,78.6675
RD0000810,SHP00008,SNS0008,2026-08-23 10:00:00,5.38,46.2,72.1,13.9892,79.202
RD0000811,SHP00008,SNS0008,2026-08-23 12:00:00,5.34,48.8,69.9,13.5361,79.7365
RD0000900,SHP00009,SNS0009,2026-08-22 21:00:00,4.46,53.1,95.2,12.972,77.595
RD0000901,SHP00009,SNS0009,2026-08-22 23:00:00,4.51,47.9,95.5,14.2755,77.5628
RD0000902,SHP00009,SNS0009,2026-08-23 01:00:00,5.07,42.7,91.9,15.579,77.5307
RD0000903,SHP00009,SNS0009,2026-08-23 03:00:00,4.81,57.6,88.0,16.8825,77.4985
RD0000904,SHP00009,SNS0009,2026-08-23 05:00:00,4.36,52.9,87.3,18.186,77.4663
RD0000905,SHP00009,SNS0009,2026-08-23 07:00:00,5.23,51.0,84.9,19.4895,77.4342
RD0000906,SHP00009,SNS0009,2026-08-23 09:00:00,5.52,54.0,80.7,20.793,77.402
RD0000907,SHP00009,SNS0009,2026-08-23 11:00:00,5.6,44.6,80.5,22.0965,77.3698
RD0000908,SHP00009,SNS0009,2026-08-23 13:00:00,5.42,48.6,78.3,23.4,77.3377
RD0000909,SHP00009,SNS0009,2026-08-23 15:00:00,4.55,54.5,73.6,24.7035,77.3055
RD0000910,SHP00009,SNS0009,2026-08-23 17:00:00,4.88,53.8,72.0,26.007,77.2733
RD0000911,SHP00009,SNS0009,2026-08-23 19:00:00,4.65,53.2,71.1,27.3105,77.2412
RD0001000,SHP00010,SNS0010,2026-08-23 04:00:00,5.52,45.6,95.4,17.385,78.487
RD0001001,SHP00010,SNS0010,2026-08-23 06:00:00,5.44,46.9,94.2,17.5259,78.0195
RD0001002,SHP00010,SNS0010,2026-08-23 08:00:00,5.41,42.4,92.5,17.6668,77.552
RD0001003,SHP00010,SNS0010,2026-08-23 10:00:00,4.57,55.8,89.8,17.8078,77.0845
RD0001004,SHP00010,SNS0010,2026-08-23 12:00:00,5.65,52.3,87.6,17.9487,76.617
RD0001005,SHP00010,SNS0010,2026-08-23 14:00:00,4.86,50.6,83.1,18.0896,76.1495
RD0001006,SHP00010,SNS0010,2026-08-23 16:00:00,5.61,57.5,83.3,18.2305,75.682
RD0001007,SHP00010,SNS0010,2026-08-23 18:00:00,4.55,46.2,78.3,18.3714,75.2145
RD0001008,SHP00010,SNS0010,2026-08-23 20:00:00,4.45,53.7,77.5,18.5123,74.747
RD0001009,SHP00010,SNS0010,2026-08-23 22:00:00,4.74,50.2,74.6,18.6532,74.2795
RD0001010,SHP00010,SNS0010,2026-08-24 00:00:00,4.84,46.1,72.3,18.7942,73.812
RD0001011,SHP00010,SNS0010,2026-08-24 02:00:00,5.29,56.8,71.6,18.9351,73.3445
RD0001100,SHP00011,SNS0011,2026-08-23 11:00:00,-23.74,53.8,95.2,13.083,80.271
RD0001101,SHP00011,SNS0011,2026-08-23 13:00:00,-24.42,57.2,94.3,13.5361,79.7365
RD0001102,SHP00011,SNS0011,2026-08-23 15:00:00,-23.41,52.6,91.3,13.9892,79.202
RD0001103,SHP00011,SNS0011,2026-08-23 17:00:00,-24.53,50.1,88.1,14.4422,78.6675
RD0001104,SHP00011,SNS0011,2026-08-23 19:00:00,-23.77,53.2,87.4,14.8953,78.133
RD0001105,SHP00011,SNS0011,2026-08-23 21:00:00,-23.92,52.6,85.4,15.3484,77.5985
RD0001106,SHP00011,SNS0011,2026-08-23 23:00:00,-24.17,44.8,81.4,15.8015,77.064
RD0001107,SHP00011,SNS0011,2026-08-24 01:00:00,-23.9,55.3,80.0,16.2546,76.5295
RD0001108,SHP00011,SNS0011,2026-08-24 03:00:00,-24.27,54.6,78.2,16.7077,75.995
RD0001109,SHP00011,SNS0011,2026-08-24 05:00:00,-23.85,49.1,75.4,17.1608,75.4605
RD0001110,SHP00011,SNS0011,2026-08-24 07:00:00,-23.75,54.7,72.5,17.6138,74.926
RD0001111,SHP00011,SNS0011,2026-08-24 09:00:00,-23.36,52.5,69.4,18.0669,74.3915
RD0001200,SHP00012,SNS0012,2026-08-23 18:00:00,4.02,47.4,96.1,28.614,77.209
RD0001201,SHP00012,SNS0012,2026-08-23 20:00:00,4.45,52.8,93.3,27.3105,77.2412
RD0001202,SHP00012,SNS0012,2026-08-23 22:00:00,3.61,42.4,92.6,26.007,77.2733
RD0001203,SHP00012,SNS0012,2026-08-24 00:00:00,3.64,55.6,89.4,24.7035,77.3055
RD0001204,SHP00012,SNS0012,2026-08-24 02:00:00,3.4,52.1,87.2,23.4,77.3377
RD0001205,SHP00012,SNS0012,2026-08-24 04:00:00,10.54,45.9,84.5,22.0965,77.3698
RD0001206,SHP00012,SNS0012,2026-08-24 06:00:00,9.51,54.3,81.3,20.793,77.402
RD0001207,SHP00012,SNS0012,2026-08-24 08:00:00,10.14,57.3,80.7,19.4895,77.4342
RD0001208,SHP00012,SNS0012,2026-08-24 10:00:00,4.03,46.0,78.6,18.186,77.4663
RD0001209,SHP00012,SNS0012,2026-08-24 12:00:00,4.49,54.8,75.0,16.8825,77.4985
RD0001210,SHP00012,SNS0012,2026-08-24 14:00:00,4.23,51.5,71.0,15.579,77.5307
RD0001211,SHP00012,SNS0012,2026-08-24 16:00:00,4.63,51.8,68.9,14.2755,77.5628
RD0001300,SHP00013,SNS0013,2026-08-24 01:00:00,1.9,49.1,95.3,19.076,72.877
RD0001301,SHP00013,SNS0013,2026-08-24 03:00:00,1.52,49.2,93.0,18.9351,73.3445
RD0001302,SHP00013,SNS0013,2026-08-24 05:00:00,2.35,46.4,90.7,18.7942,73.812
RD0001303,SHP00013,SNS0013,2026-08-24 07:00:00,2.39,45.8,89.3,18.6532,74.2795
RD0001304,SHP00013,SNS0013,2026-08-24 09:00:00,1.92,45.8,86.3,18.5123,74.747
RD0001305,SHP00013,SNS0013,2026-08-24 11:00:00,1.77,43.3,83.3,18.3714,75.2145
RD0001306,SHP00013,SNS0013,2026-08-24 13:00:00,1.51,44.4,82.5,18.2305,75.682
RD0001307,SHP00013,SNS0013,2026-08-24 15:00:00,1.6,47.3,80.0,18.0896,76.1495
RD0001308,SHP00013,SNS0013,2026-08-24 17:00:00,1.95,55.3,78.6,17.9487,76.617
RD0001309,SHP00013,SNS0013,2026-08-24 19:00:00,1.85,57.1,74.1,17.8078,77.0845
RD0001310,SHP00013,SNS0013,2026-08-24 21:00:00,1.33,51.2,71.4,17.6668,77.552
RD0001311,SHP00013,SNS0013,2026-08-24 23:00:00,1.97,46.8,68.8,17.5259,78.0195
RD0001400,SHP00014,SNS0014,2026-08-24 08:00:00,16.35,55.4,95.3,18.52,73.857
RD0001401,SHP00014,SNS0014,2026-08-24 10:00:00,16.55,54.8,93.4,18.0669,74.3915
RD0001402,SHP00014,SNS0014,2026-08-24 12:00:00,17.06,46.4,91.7,17.6138,74.926
RD0001403,SHP00014,SNS0014,2026-08-24 14:00:00,16.48,52.7,89.6,17.1608,75.4605
RD0001404,SHP00014,SNS0014,2026-08-24 16:00:00,16.92,55.4,86.2,16.7077,75.995
RD0001405,SHP00014,SNS0014,2026-08-24 18:00:00,17.09,50.5,83.1,16.2546,76.5295
RD0001406,SHP00014,SNS0014,2026-08-24 20:00:00,17.07,52.6,81.8,15.8015,77.064
RD0001407,SHP00014,SNS0014,2026-08-24 22:00:00,15.92,55.9,79.9,15.3484,77.5985
RD0001408,SHP00014,SNS0014,2026-08-25 00:00:00,16.05,47.2,78.0,14.8953,78.133
RD0001409,SHP00014,SNS0014,2026-08-25 02:00:00,16.44,56.1,75.4,14.4423,78.6675
RD0001410,SHP00014,SNS0014,2026-08-25 04:00:00,16.19,48.7,71.1,13.9892,79.202
RD0001411,SHP00014,SNS0014,2026-08-25 06:00:00,16.97,54.0,70.2,13.5361,79.7365
RD0001500,SHP00015,SNS0015,2026-08-24 15:00:00,-14.3,52.4,97.0,12.972,77.595
RD0001501,SHP00015,SNS0015,2026-08-24 17:00:00,-14.61,54.1,93.6,14.2755,77.5628
RD0001502,SHP00015,SNS0015,2026-08-24 19:00:00,-14.37,42.3,92.6,15.579,77.5307
RD0001503,SHP00015,SNS0015,2026-08-24 21:00:00,-15.49,52.7,90.4,16.8825,77.4985
RD0001504,SHP00015,SNS0015,2026-08-24 23:00:00,-14.91,53.2,87.7,18.186,77.4663
RD0001505,SHP00015,SNS0015,2026-08-25 01:00:00,-14.63,51.7,85.5,19.4895,77.4342
RD0001506,SHP00015,SNS0015,2026-08-25 03:00:00,-14.65,55.1,83.3,20.793,77.402
RD0001507,SHP00015,SNS0015,2026-08-25 05:00:00,-14.35,42.4,80.9,22.0965,77.3698
RD0001508,SHP00015,SNS0015,2026-08-25 07:00:00,-15.26,57.3,76.8,23.4,77.3377
RD0001509,SHP00015,SNS0015,2026-08-25 09:00:00,-15.14,43.2,74.3,24.7035,77.3055
RD0001510,SHP00015,SNS0015,2026-08-25 11:00:00,-14.73,43.6,72.1,26.007,77.2733
RD0001511,SHP00015,SNS0015,2026-08-25 13:00:00,-14.62,51.6,69.0,27.3105,77.2412
RD0001600,SHP00016,SNS0016,2026-08-24 22:00:00,5.41,42.7,96.3,17.385,78.487
RD0001601,SHP00016,SNS0016,2026-08-25 00:00:00,5.05,43.1,93.6,17.5259,78.0195
RD0001602,SHP00016,SNS0016,2026-08-25 02:00:00,5.21,48.7,93.2,17.6668,77.552
RD0001603,SHP00016,SNS0016,2026-08-25 04:00:00,4.99,47.8,89.5,17.8078,77.0845
RD0001604,SHP00016,SNS0016,2026-08-25 06:00:00,5.55,44.4,87.0,17.9487,76.617
RD0001605,SHP00016,SNS0016,2026-08-25 08:00:00,4.55,52.4,84.4,18.0896,76.1495
RD0001606,SHP00016,SNS0016,2026-08-25 10:00:00,5.16,54.4,80.8,18.2305,75.682
RD0001607,SHP00016,SNS0016,2026-08-25 12:00:00,4.95,51.5,78.7,18.3714,75.2145
RD0001608,SHP00016,SNS0016,2026-08-25 14:00:00,4.75,57.0,78.1,18.5123,74.747
RD0001609,SHP00016,SNS0016,2026-08-25 16:00:00,4.69,54.0,75.0,18.6532,74.2795
RD0001610,SHP00016,SNS0016,2026-08-25 18:00:00,5.1,47.4,72.0,18.7942,73.812
RD0001611,SHP00016,SNS0016,2026-08-25 20:00:00,4.99,49.8,70.6,18.9351,73.3445
RD0001700,SHP00017,SNS0017,2026-08-25 05:00:00,5.42,56.1,97.0,13.083,80.271
RD0001701,SHP00017,SNS0017,2026-08-25 07:00:00,5.28,42.2,94.8,13.5361,79.7365
RD0001702,SHP00017,SNS0017,2026-08-25 09:00:00,5.63,53.5,92.9,13.9892,79.202
RD0001703,SHP00017,SNS0017,2026-08-25 11:00:00,4.98,53.0,88.5,14.4422,78.6675
RD0001704,SHP00017,SNS0017,2026-08-25 13:00:00,5.2,54.7,86.9,14.8953,78.133
RD0001705,SHP00017,SNS0017,2026-08-25 15:00:00,4.43,53.1,85.3,15.3484,77.5985
RD0001706,SHP00017,SNS0017,2026-08-25 17:00:00,4.73,49.6,81.9,15.8015,77.064
RD0001707,SHP00017,SNS0017,2026-08-25 19:00:00,5.04,53.9,79.9,16.2546,76.5295
RD0001708,SHP00017,SNS0017,2026-08-25 21:00:00,4.76,46.3,76.7,16.7077,75.995
RD0001709,SHP00017,SNS0017,2026-08-25 23:00:00,4.65,45.1,76.0,17.1608,75.4605
RD0001710,SHP00017,SNS0017,2026-08-26 01:00:00,4.47,54.2,72.4,17.6138,74.926
RD0001711,SHP00017,SNS0017,2026-08-26 03:00:00,4.56,49.7,71.0,18.0669,74.3915
RD0001800,SHP00018,SNS0018,2026-08-25 12:00:00,5.67,46.5,96.4,28.614,77.209
RD0001801,SHP00018,SNS0018,2026-08-25 14:00:00,4.44,45.6,95.0,27.3105,77.2412
RD0001802,SHP00018,SNS0018,2026-08-25 16:00:00,4.55,50.5,93.2,26.007,77.2733
RD0001803,SHP00018,SNS0018,2026-08-25 18:00:00,4.68,50.9,87.9,24.7035,77.3055
RD0001804,SHP00018,SNS0018,2026-08-25 20:00:00,5.28,55.9,88.0,23.4,77.3377
RD0001805,SHP00018,SNS0018,2026-08-25 22:00:00,4.99,51.2,83.4,22.0965,77.3698
RD0001806,SHP00018,SNS0018,2026-08-26 00:00:00,4.96,44.9,82.3,20.793,77.402
RD0001807,SHP00018,SNS0018,2026-08-26 02:00:00,4.37,49.6,78.4,19.4895,77.4342
RD0001808,SHP00018,SNS0018,2026-08-26 04:00:00,5.45,43.2,77.6,18.186,77.4663
RD0001809,SHP00018,SNS0018,2026-08-26 06:00:00,5.18,44.4,76.2,16.8825,77.4985
RD0001810,SHP00018,SNS0018,2026-08-26 08:00:00,5.09,57.9,73.1,15.579,77.5307
RD0001811,SHP00018,SNS0018,2026-08-26 10:00:00,4.47,51.7,69.3,14.2755,77.5628
RD0001900,SHP00019,SNS0019,2026-08-25 19:00:00,-24.38,49.2,96.4,19.076,72.877
RD0001901,SHP00019,SNS0019,2026-08-25 21:00:00,-24.08,57.8,93.0,18.9351,73.3445
RD0001902,SHP00019,SNS0019,2026-08-25 23:00:00,-24.27,51.8,91.3,18.7942,73.812
RD0001903,SHP00019,SNS0019,2026-08-26 01:00:00,-23.66,45.3,88.0,18.6532,74.2795
RD0001904,SHP00019,SNS0019,2026-08-26 03:00:00,-24.4,44.5,86.4,18.5123,74.747
RD0001905,SHP00019,SNS0019,2026-08-26 05:00:00,-14.39,49.2,86.0,18.3714,75.2145
RD0001906,SHP00019,SNS0019,2026-08-26 07:00:00,-14.06,53.3,82.9,18.2305,75.682
RD0001907,SHP00019,SNS0019,2026-08-26 09:00:00,-13.82,56.8,79.1,18.0896,76.1495
RD0001908,SHP00019,SNS0019,2026-08-26 11:00:00,-23.6,52.6,76.9,17.9487,76.617
RD0001909,SHP00019,SNS0019,2026-08-26 13:00:00,-23.39,50.7,75.1,17.8078,77.0845
RD0001910,SHP00019,SNS0019,2026-08-26 15:00:00,-23.79,55.2,71.3,17.6668,77.552
RD0001911,SHP00019,SNS0019,2026-08-26 17:00:00,-24.6,46.9,71.1,17.5259,78.0195
RD0002000,SHP00020,SNS0020,2026-08-26 02:00:00,4.59,49.5,96.7,18.52,73.857
RD0002001,SHP00020,SNS0020,2026-08-26 04:00:00,3.73,46.4,94.4,18.0669,74.3915
RD0002002,SHP00020,SNS0020,2026-08-26 06:00:00,4.06,51.6,91.9,17.6138,74.926
RD0002003,SHP00020,SNS0020,2026-08-26 08:00:00,4.55,51.7,88.6,17.1608,75.4605
RD0002004,SHP00020,SNS0020,2026-08-26 10:00:00,3.34,52.8,87.7,16.7077,75.995
RD0002005,SHP00020,SNS0020,2026-08-26 12:00:00,4.5,42.3,84.2,16.2546,76.5295
RD0002006,SHP00020,SNS0020,2026-08-26 14:00:00,4.37,51.2,81.1,15.8015,77.064
RD0002007,SHP00020,SNS0020,2026-08-26 16:00:00,4.37,50.3,80.7,15.3484,77.5985
RD0002008,SHP00020,SNS0020,2026-08-26 18:00:00,3.92,58.0,78.0,14.8953,78.133
RD0002009,SHP00020,SNS0020,2026-08-26 20:00:00,3.91,57.5,74.0,14.4423,78.6675
RD0002010,SHP00020,SNS0020,2026-08-26 22:00:00,3.96,47.1,72.8,13.9892,79.202
RD0002011,SHP00020,SNS0020,2026-08-27 00:00:00,3.45,48.6,71.1,13.5361,79.7365
RD0002100,SHP00021,SNS0021,2026-08-26 09:00:00,1.99,48.4,96.0,12.972,77.595
RD0002101,SHP00021,SNS0021,2026-08-26 11:00:00,2.36,43.4,95.5,14.2755,77.5628
RD0002102,SHP00021,SNS0021,2026-08-26 13:00:00,1.65,54.4,92.9,15.579,77.5307
RD0002103,SHP00021,SNS0021,2026-08-26 15:00:00,2.51,42.0,88.3,16.8825,77.4985
RD0002104,SHP00021,SNS0021,2026-08-26 17:00:00,2.52,42.9,87.0,18.186,77.4663
RD0002105,SHP00021,SNS0021,2026-08-26 19:00:00,2.03,50.0,84.1,19.4895,77.4342
RD0002106,SHP00021,SNS0021,2026-08-26 21:00:00,1.92,46.3,83.4,20.793,77.402
RD0002107,SHP00021,SNS0021,2026-08-26 23:00:00,1.48,56.1,80.3,22.0965,77.3698
RD0002108,SHP00021,SNS0021,2026-08-27 01:00:00,1.98,52.1,78.7,23.4,77.3377
RD0002109,SHP00021,SNS0021,2026-08-27 03:00:00,2.42,47.0,74.3,24.7035,77.3055
RD0002110,SHP00021,SNS0021,2026-08-27 05:00:00,1.32,45.6,72.8,26.007,77.2733
RD0002111,SHP00021,SNS0021,2026-08-27 07:00:00,2.48,57.2,71.3,27.3105,77.2412
RD0002200,SHP00022,SNS0022,2026-08-26 16:00:00,16.5,50.1,95.9,17.385,78.487
RD0002201,SHP00022,SNS0022,2026-08-26 18:00:00,16.18,57.7,93.1,17.5259,78.0195
RD0002202,SHP00022,SNS0022,2026-08-26 20:00:00,16.14,48.1,91.5,17.6668,77.552
RD0002203,SHP00022,SNS0022,2026-08-26 22:00:00,17.09,56.1,89.3,17.8078,77.0845
RD0002204,SHP00022,SNS0022,2026-08-27 00:00:00,17.01,54.6,87.6,17.9487,76.617
RD0002205,SHP00022,SNS0022,2026-08-27 02:00:00,16.38,50.1,83.2,18.0896,76.1495
RD0002206,SHP00022,SNS0022,2026-08-27 04:00:00,16.95,46.8,82.8,18.2305,75.682
RD0002207,SHP00022,SNS0022,2026-08-27 06:00:00,16.62,49.8,78.2,18.3714,75.2145
RD0002208,SHP00022,SNS0022,2026-08-27 08:00:00,16.01,47.5,77.2,18.5123,74.747
RD0002209,SHP00022,SNS0022,2026-08-27 10:00:00,16.57,49.3,74.8,18.6532,74.2795
RD0002210,SHP00022,SNS0022,2026-08-27 12:00:00,16.25,53.2,73.4,18.7942,73.812
RD0002211,SHP00022,SNS0022,2026-08-27 14:00:00,16.6,54.4,70.9,18.9351,73.3445
RD0002300,SHP00023,SNS0023,2026-08-26 23:00:00,-15.25,56.6,96.6,13.083,80.271
RD0002301,SHP00023,SNS0023,2026-08-27 01:00:00,-15.17,54.7,92.6,13.5361,79.7365
RD0002302,SHP00023,SNS0023,2026-08-27 03:00:00,-14.79,57.4,92.7,13.9892,79.202
RD0002303,SHP00023,SNS0023,2026-08-27 05:00:00,-15.52,47.3,87.9,14.4422,78.6675
RD0002304,SHP00023,SNS0023,2026-08-27 07:00:00,-15.56,43.6,85.9,14.8953,78.133
RD0002305,SHP00023,SNS0023,2026-08-27 09:00:00,-14.43,44.3,86.0,15.3484,77.5985
RD0002306,SHP00023,SNS0023,2026-08-27 11:00:00,-14.48,43.2,80.7,15.8015,77.064
RD0002307,SHP00023,SNS0023,2026-08-27 13:00:00,-14.61,52.0,80.4,16.2546,76.5295
RD0002308,SHP00023,SNS0023,2026-08-27 15:00:00,-15.14,47.3,78.6,16.7077,75.995
RD0002309,SHP00023,SNS0023,2026-08-27 17:00:00,-14.76,57.3,74.8,17.1608,75.4605
RD0002310,SHP00023,SNS0023,2026-08-27 19:00:00,-14.82,49.8,71.3,17.6138,74.926
RD0002311,SHP00023,SNS0023,2026-08-27 21:00:00,-14.94,45.8,69.7,18.0669,74.3915
RD0002400,SHP00024,SNS0024,2026-08-27 06:00:00,5.26,45.6,97.1,28.614,77.209
RD0002401,SHP00024,SNS0024,2026-08-27 08:00:00,4.43,54.2,92.7,27.3105,77.2412
RD0002402,SHP00024,SNS0024,2026-08-27 10:00:00,5.29,44.7,92.9,26.007,77.2733
RD0002403,SHP00024,SNS0024,2026-08-27 12:00:00,4.72,47.2,90.7,24.7035,77.3055
RD0002404,SHP00024,SNS0024,2026-08-27 14:00:00,4.38,48.9,87.3,23.4,77.3377
RD0002405,SHP00024,SNS0024,2026-08-27 16:00:00,4.64,52.9,84.8,22.0965,77.3698
RD0002406,SHP00024,SNS0024,2026-08-27 18:00:00,4.55,51.8,83.1,20.793,77.402
RD0002407,SHP00024,SNS0024,2026-08-27 20:00:00,4.84,50.0,79.2,19.4895,77.4342
RD0002408,SHP00024,SNS0024,2026-08-27 22:00:00,5.12,52.2,78.1,18.186,77.4663
RD0002409,SHP00024,SNS0024,2026-08-28 00:00:00,4.94,56.4,74.4,16.8825,77.4985
RD0002410,SHP00024,SNS0024,2026-08-28 02:00:00,4.95,50.7,73.1,15.579,77.5307
RD0002411,SHP00024,SNS0024,2026-08-28 04:00:00,4.4,57.8,68.8,14.2755,77.5628
RD0002500,SHP00025,SNS0025,2026-08-27 13:00:00,4.72,53.0,95.1,19.076,72.877
RD0002501,SHP00025,SNS0025,2026-08-27 15:00:00,4.94,58.0,94.7,18.9351,73.3445
RD0002502,SHP00025,SNS0025,2026-08-27 17:00:00,5.49,48.1,92.9,18.7942,73.812
RD0002503,SHP00025,SNS0025,2026-08-27 19:00:00,4.8,53.2,89.9,18.6532,74.2795
RD0002504,SHP00025,SNS0025,2026-08-27 21:00:00,4.33,48.3,85.9,18.5123,74.747
RD0002505,SHP00025,SNS0025,2026-08-27 23:00:00,4.31,54.5,83.4,18.3714,75.2145
RD0002506,SHP00025,SNS0025,2026-08-28 01:00:00,5.66,53.9,80.9,18.2305,75.682
RD0002507,SHP00025,SNS0025,2026-08-28 03:00:00,5.47,54.4,78.5,18.0896,76.1495
RD0002508,SHP00025,SNS0025,2026-08-28 05:00:00,4.62,45.5,76.4,17.9487,76.617
RD0002509,SHP00025,SNS0025,2026-08-28 07:00:00,4.57,54.1,75.6,17.8078,77.0845
RD0002510,SHP00025,SNS0025,2026-08-28 09:00:00,5.37,44.2,72.0,17.6668,77.552
RD0002511,SHP00025,SNS0025,2026-08-28 11:00:00,4.44,42.6,69.7,17.5259,78.0195
RD0002600,SHP00026,SNS0026,2026-08-27 20:00:00,5.4,47.8,97.9,18.52,73.857
RD0002601,SHP00026,SNS0026,2026-08-27 22:00:00,4.48,47.2,92.9,18.0669,74.3915
RD0002602,SHP00026,SNS0026,2026-08-28 00:00:00,4.88,54.6,92.6,17.6138,74.926
RD0002603,SHP00026,SNS0026,2026-08-28 02:00:00,5.53,50.0,89.7,17.1608,75.4605
RD0002604,SHP00026,SNS0026,2026-08-28 04:00:00,4.68,56.6,87.9,16.7077,75.995
RD0002605,SHP00026,SNS0026,2026-08-28 06:00:00,5.62,46.7,83.1,16.2546,76.5295
RD0002606,SHP00026,SNS0026,2026-08-28 08:00:00,5.52,49.5,81.2,15.8015,77.064
RD0002607,SHP00026,SNS0026,2026-08-28 10:00:00,4.41,45.6,78.9,15.3484,77.5985
RD0002608,SHP00026,SNS0026,2026-08-28 12:00:00,5.25,48.4,76.8,14.8953,78.133
RD0002609,SHP00026,SNS0026,2026-08-28 14:00:00,5.48,43.4,74.7,14.4423,78.6675
RD0002610,SHP00026,SNS0026,2026-08-28 16:00:00,4.85,44.0,73.2,13.9892,79.202
RD0002611,SHP00026,SNS0026,2026-08-28 18:00:00,4.82,46.2,69.4,13.5361,79.7365
RD0002700,SHP00027,SNS0027,2026-08-28 03:00:00,-24.17,47.9,96.1,12.972,77.595
RD0002701,SHP00027,SNS0027,2026-08-28 05:00:00,-23.76,51.9,94.2,14.2755,77.5628
RD0002702,SHP00027,SNS0027,2026-08-28 07:00:00,-23.38,51.8,92.2,15.579,77.5307
RD0002703,SHP00027,SNS0027,2026-08-28 09:00:00,-23.79,49.4,88.9,16.8825,77.4985
RD0002704,SHP00027,SNS0027,2026-08-28 11:00:00,-23.72,43.9,86.5,18.186,77.4663
RD0002705,SHP00027,SNS0027,2026-08-28 13:00:00,-14.44,43.9,83.0,19.4895,77.4342
RD0002706,SHP00027,SNS0027,2026-08-28 15:00:00,-13.69,47.9,82.4,20.793,77.402
RD0002707,SHP00027,SNS0027,2026-08-28 17:00:00,-13.46,51.4,79.6,22.0965,77.3698
RD0002708,SHP00027,SNS0027,2026-08-28 19:00:00,-23.68,52.5,76.1,23.4,77.3377
RD0002709,SHP00027,SNS0027,2026-08-28 21:00:00,-23.53,57.0,74.6,24.7035,77.3055
RD0002710,SHP00027,SNS0027,2026-08-28 23:00:00,-24.31,45.5,71.9,26.007,77.2733
RD0002711,SHP00027,SNS0027,2026-08-29 01:00:00,-24.08,47.8,70.9,27.3105,77.2412
RD0002800,SHP00028,SNS0028,2026-08-28 10:00:00,4.67,56.4,96.9,17.385,78.487
RD0002801,SHP00028,SNS0028,2026-08-28 12:00:00,4.2,46.4,95.4,17.5259,78.0195
RD0002802,SHP00028,SNS0028,2026-08-28 14:00:00,4.66,55.2,90.4,17.6668,77.552
RD0002803,SHP00028,SNS0028,2026-08-28 16:00:00,3.43,52.2,90.2,17.8078,77.0845
RD0002804,SHP00028,SNS0028,2026-08-28 18:00:00,4.66,47.3,88.2,17.9487,76.617
RD0002805,SHP00028,SNS0028,2026-08-28 20:00:00,4.68,45.3,83.6,18.0896,76.1495
RD0002806,SHP00028,SNS0028,2026-08-28 22:00:00,4.46,51.4,81.9,18.2305,75.682
RD0002807,SHP00028,SNS0028,2026-08-29 00:00:00,4.44,54.4,80.5,18.3714,75.2145
RD0002808,SHP00028,SNS0028,2026-08-29 02:00:00,4.4,46.4,77.0,18.5123,74.747
RD0002809,SHP00028,SNS0028,2026-08-29 04:00:00,4.68,50.6,73.4,18.6532,74.2795
RD0002810,SHP00028,SNS0028,2026-08-29 06:00:00,4.42,55.9,73.7,18.7942,73.812
RD0002811,SHP00028,SNS0028,2026-08-29 08:00:00,3.48,54.6,70.5,18.9351,73.3445
RD0002900,SHP00029,SNS0029,2026-08-28 17:00:00,2.12,46.2,98.0,13.083,80.271
RD0002901,SHP00029,SNS0029,2026-08-28 19:00:00,1.48,43.8,94.3,13.5361,79.7365
RD0002902,SHP00029,SNS0029,2026-08-28 21:00:00,1.39,47.8,91.9,13.9892,79.202
RD0002903,SHP00029,SNS0029,2026-08-28 23:00:00,2.13,45.5,89.4,14.4422,78.6675
RD0002904,SHP00029,SNS0029,2026-08-29 01:00:00,2.16,56.5,86.2,14.8953,78.133
RD0002905,SHP00029,SNS0029,2026-08-29 03:00:00,2.22,52.3,85.1,15.3484,77.5985
RD0002906,SHP00029,SNS0029,2026-08-29 05:00:00,1.34,55.6,80.6,15.8015,77.064
RD0002907,SHP00029,SNS0029,2026-08-29 07:00:00,1.9,53.4,80.9,16.2546,76.5295
RD0002908,SHP00029,SNS0029,2026-08-29 09:00:00,1.92,47.2,76.1,16.7077,75.995
RD0002909,SHP00029,SNS0029,2026-08-29 11:00:00,1.51,52.0,76.0,17.1608,75.4605
RD0002910,SHP00029,SNS0029,2026-08-29 13:00:00,2.12,48.1,71.9,17.6138,74.926
RD0002911,SHP00029,SNS0029,2026-08-29 15:00:00,2.14,50.1,70.7,18.0669,74.3915
RD0003000,SHP00030,SNS0030,2026-08-29 00:00:00,16.4,43.8,95.6,28.614,77.209
RD0003001,SHP00030,SNS0030,2026-08-29 02:00:00,16.72,50.8,93.0,27.3105,77.2412
RD0003002,SHP00030,SNS0030,2026-08-29 04:00:00,17.01,56.2,91.9,26.007,77.2733
RD0003003,SHP00030,SNS0030,2026-08-29 06:00:00,16.38,48.4,88.3,24.7035,77.3055
RD0003004,SHP00030,SNS0030,2026-08-29 08:00:00,16.82,47.0,87.5,23.4,77.3377
RD0003005,SHP00030,SNS0030,2026-08-29 10:00:00,16.16,53.0,83.1,22.0965,77.3698
RD0003006,SHP00030,SNS0030,2026-08-29 12:00:00,16.46,43.4,83.3,20.793,77.402
RD0003007,SHP00030,SNS0030,2026-08-29 14:00:00,16.4,48.0,79.0,19.4895,77.4342
RD0003008,SHP00030,SNS0030,2026-08-29 16:00:00,15.98,57.3,78.6,18.186,77.4663
RD0003009,SHP00030,SNS0030,2026-08-29 18:00:00,16.59,48.6,74.4,16.8825,77.4985
RD0003010,SHP00030,SNS0030,2026-08-29 20:00:00,17.02,48.8,71.2,15.579,77.5307
RD0003011,SHP00030,SNS0030,2026-08-29 22:00:00,17.08,46.6,71.4,14.2755,77.5628
RD0003100,SHP00031,SNS0031,2026-08-29 07:00:00,-15.26,50.1,97.7,19.076,72.877
RD0003101,SHP00031,SNS0031,2026-08-29 09:00:00,-15.48,55.6,94.2,18.9351,73.3445
RD0003102,SHP00031,SNS0031,2026-08-29 11:00:00,-15.21,43.8,91.5,18.7942,73.812
RD0003103,SHP00031,SNS0031,2026-08-29 13:00:00,-15.31,48.9,90.1,18.6532,74.2795
RD0003104,SHP00031,SNS0031,2026-08-29 15:00:00,-14.91,51.9,86.1,18.5123,74.747
RD0003105,SHP00031,SNS0031,2026-08-29 17:00:00,-14.76,51.7,84.3,18.3714,75.2145
RD0003106,SHP00031,SNS0031,2026-08-29 19:00:00,-14.78,42.5,81.5,18.2305,75.682
RD0003107,SHP00031,SNS0031,2026-08-29 21:00:00,-15.32,56.7,78.9,18.0896,76.1495
RD0003108,SHP00031,SNS0031,2026-08-29 23:00:00,-15.21,44.3,78.3,17.9487,76.617
RD0003109,SHP00031,SNS0031,2026-08-30 01:00:00,-14.78,53.9,76.2,17.8078,77.0845
RD0003110,SHP00031,SNS0031,2026-08-30 03:00:00,-14.34,50.5,73.7,17.6668,77.552
RD0003111,SHP00031,SNS0031,2026-08-30 05:00:00,-15.17,44.5,70.2,17.5259,78.0195
RD0003200,SHP00032,SNS0032,2026-08-29 14:00:00,4.74,57.1,97.0,18.52,73.857
RD0003201,SHP00032,SNS0032,2026-08-29 16:00:00,5.13,44.5,92.9,18.0669,74.3915
RD0003202,SHP00032,SNS0032,2026-08-29 18:00:00,5.36,43.3,93.1,17.6138,74.926
RD0003203,SHP00032,SNS0032,2026-08-29 20:00:00,4.92,51.7,89.5,17.1608,75.4605
RD0003204,SHP00032,SNS0032,2026-08-29 22:00:00,4.88,50.2,87.8,16.7077,75.995
RD0003205,SHP00032,SNS0032,2026-08-30 00:00:00,11.67,51.5,84.0,16.2546,76.5295
RD0003206,SHP00032,SNS0032,2026-08-30 02:00:00,11.96,57.8,82.9,15.8015,77.064
RD0003207,SHP00032,SNS0032,2026-08-30 04:00:00,11.81,54.3,78.4,15.3484,77.5985
RD0003208,SHP00032,SNS0032,2026-08-30 06:00:00,5.37,43.9,77.9,14.8953,78.133
RD0003209,SHP00032,SNS0032,2026-08-30 08:00:00,5.0,44.1,75.1,14.4423,78.6675
RD0003210,SHP00032,SNS0032,2026-08-30 10:00:00,5.05,50.9,73.3,13.9892,79.202
RD0003211,SHP00032,SNS0032,2026-08-30 12:00:00,5.24,48.4,70.5,13.5361,79.7365
RD0003300,SHP00033,SNS0033,2026-08-29 21:00:00,5.34,49.4,96.7,12.972,77.595
RD0003301,SHP00033,SNS0033,2026-08-29 23:00:00,4.41,48.9,94.7,14.2755,77.5628
RD0003302,SHP00033,SNS0033,2026-08-30 01:00:00,4.87,46.6,91.3,15.579,77.5307
RD0003303,SHP00033,SNS0033,2026-08-30 03:00:00,4.87,44.7,87.9,16.8825,77.4985
RD0003304,SHP00033,SNS0033,2026-08-30 05:00:00,5.63,53.0,87.0,18.186,77.4663
RD0003305,SHP00033,SNS0033,2026-08-30 07:00:00,4.81,43.7,84.7,19.4895,77.4342
RD0003306,SHP00033,SNS0033,2026-08-30 09:00:00,4.91,43.3,82.4,20.793,77.402
RD0003307,SHP00033,SNS0033,2026-08-30 11:00:00,5.52,45.5,79.0,22.0965,77.3698
RD0003308,SHP00033,SNS0033,2026-08-30 13:00:00,5.39,52.1,78.6,23.4,77.3377
RD0003309,SHP00033,SNS0033,2026-08-30 15:00:00,5.04,54.4,75.8,24.7035,77.3055
RD0003310,SHP00033,SNS0033,2026-08-30 17:00:00,4.79,52.3,71.1,26.007,77.2733
RD0003311,SHP00033,SNS0033,2026-08-30 19:00:00,4.51,46.1,71.3,27.3105,77.2412
RD0003400,SHP00034,SNS0034,2026-08-30 04:00:00,4.54,54.1,97.5,17.385,78.487
RD0003401,SHP00034,SNS0034,2026-08-30 06:00:00,4.41,52.0,92.7,17.5259,78.0195
RD0003402,SHP00034,SNS0034,2026-08-30 08:00:00,4.95,51.3,91.5,17.6668,77.552
RD0003403,SHP00034,SNS0034,2026-08-30 10:00:00,5.25,52.3,88.2,17.8078,77.0845
RD0003404,SHP00034,SNS0034,2026-08-30 12:00:00,5.68,57.5,87.4,17.9487,76.617
RD0003405,SHP00034,SNS0034,2026-08-30 14:00:00,4.74,49.5,84.7,18.0896,76.1495
RD0003406,SHP00034,SNS0034,2026-08-30 16:00:00,5.18,51.5,81.2,18.2305,75.682
RD0003407,SHP00034,SNS0034,2026-08-30 18:00:00,4.79,49.4,81.0,18.3714,75.2145
RD0003408,SHP00034,SNS0034,2026-08-30 20:00:00,4.35,46.6,77.7,18.5123,74.747
RD0003409,SHP00034,SNS0034,2026-08-30 22:00:00,5.2,43.4,73.5,18.6532,74.2795
RD0003410,SHP00034,SNS0034,2026-08-31 00:00:00,5.13,51.3,72.8,18.7942,73.812
RD0003411,SHP00034,SNS0034,2026-08-31 02:00:00,5.64,42.7,69.4,18.9351,73.3445
RD0003500,SHP00035,SNS0035,2026-08-30 11:00:00,-23.43,45.0,96.3,13.083,80.271
RD0003501,SHP00035,SNS0035,2026-08-30 13:00:00,-23.85,57.3,94.1,13.5361,79.7365
RD0003502,SHP00035,SNS0035,2026-08-30 15:00:00,-24.07,55.4,90.8,13.9892,79.202
RD0003503,SHP00035,SNS0035,2026-08-30 17:00:00,-23.32,52.3,90.5,14.4422,78.6675
RD0003504,SHP00035,SNS0035,2026-08-30 19:00:00,-24.65,57.9,86.3,14.8953,78.133
RD0003505,SHP00035,SNS0035,2026-08-30 21:00:00,-23.97,47.8,84.2,15.3484,77.5985
RD0003506,SHP00035,SNS0035,2026-08-30 23:00:00,-23.41,54.4,82.4,15.8015,77.064
RD0003507,SHP00035,SNS0035,2026-08-31 01:00:00,-23.75,52.1,81.0,16.2546,76.5295
RD0003508,SHP00035,SNS0035,2026-08-31 03:00:00,-24.23,50.9,77.8,16.7077,75.995
RD0003509,SHP00035,SNS0035,2026-08-31 05:00:00,-24.16,55.6,75.6,17.1608,75.4605
RD0003510,SHP00035,SNS0035,2026-08-31 07:00:00,-23.35,44.4,72.2,17.6138,74.926
RD0003511,SHP00035,SNS0035,2026-08-31 09:00:00,-24.59,56.7,69.6,18.0669,74.3915
RD0003600,SHP00036,SNS0036,2026-08-30 18:00:00,3.73,52.6,96.0,28.614,77.209
RD0003601,SHP00036,SNS0036,2026-08-30 20:00:00,3.48,43.4,93.5,27.3105,77.2412
RD0003602,SHP00036,SNS0036,2026-08-30 22:00:00,4.08,47.3,91.3,26.007,77.2733
RD0003603,SHP00036,SNS0036,2026-08-31 00:00:00,3.48,57.2,88.7,24.7035,77.3055
RD0003604,SHP00036,SNS0036,2026-08-31 02:00:00,4.7,43.5,85.7,23.4,77.3377
RD0003605,SHP00036,SNS0036,2026-08-31 04:00:00,4.24,42.3,84.5,22.0965,77.3698
RD0003606,SHP00036,SNS0036,2026-08-31 06:00:00,3.73,47.5,80.7,20.793,77.402
RD0003607,SHP00036,SNS0036,2026-08-31 08:00:00,4.37,58.0,80.6,19.4895,77.4342
RD0003608,SHP00036,SNS0036,2026-08-31 10:00:00,3.52,54.6,77.9,18.186,77.4663
RD0003609,SHP00036,SNS0036,2026-08-31 12:00:00,4.01,53.8,74.8,16.8825,77.4985
RD0003610,SHP00036,SNS0036,2026-08-31 14:00:00,4.04,56.0,72.0,15.579,77.5307
RD0003611,SHP00036,SNS0036,2026-08-31 16:00:00,4.17,44.5,69.8,14.2755,77.5628
RD_BAD001,,SNS9999,2026-08-25 10:00:00,5.2,58,84,19.076,72.877
RD_BAD002,SHP00001,SNS0001,2026-08-25 11:00:00,999,55,80,19.076,72.877
RD0000208,SHP00002,SNS0002,2026-08-21 12:00:00,5.26,47.2,78.1,14.8953,78.133
